,Title,Body,Posted
0,I think my boss is the devil,"

TW: death

(Sorry for format issues, on my phone)

The context:

-I used to be an apprentice body piercer 

-I currently work in a VERY small venue with a bit of a skeleton staff. We had to close for the day when the head chef was sick



The characters:

Angel Manager - AM - friend of mine who‚Äôs been very understanding 

Demon Boss - DB - owner of the venue


The story:

About 3 weeks ago I lost a close friend of mine. It was very sudden and unexpected (we still don‚Äôt really know what happened but it seems like it was a medical issue) and I‚Äôm struggling. I‚Äôm ‚Äòlucky‚Äô enough to have not experienced loss like this before. I‚Äôm not close with my family so I‚Äôm big on found family and my friend was that to me.


So far I‚Äôve taken 4 days off. Last week I took a Wednesday off. I‚Äôm taking the funeral and day after off (next week) and I took yesterday off because I started crying during the close on Thursday. I came back in today and AM told me that DB had said it was ‚Äòquite cheeky‚Äô of me to take a Friday off. Sorry I couldn‚Äôt plan my breakdown better? He came into the venue after having taken a few weeks off and I decided to just avoid him. He‚Äôs been talking about getting his nipple piercered. He came up to me later:


‚ÄòHey OP, so will you pierce my nipple?‚Äô

‚ÄòNo‚Ä¶‚Äô

‚ÄòWhy? Afraid I‚Äôll cry?‚Äô

‚ÄòI don‚Äôt work in a studio anymore, it‚Äôs unsafe‚Äô

‚ÄòOh come onnnnnn‚Äô

‚ÄòNope‚Äô


He runs off to AM‚Äô


‚ÄòWell OPs a fucking barrel of smiles today!‚Äô

‚Äò‚Ä¶.OPs had a bereavement a couple weeks ago‚Ä¶‚Äô

‚ÄòThey can‚Äôt be like that at work!‚Äô

‚ÄòThey‚Äôve been grand with customers‚Äô

‚ÄòFuck me I‚Äôm just the owner I guess‚Äô and he stormed away


I understand it‚Äôs been tricky for AM to get cover when I‚Äôve called in last minute but DB has been on holiday the last few weeks? I don‚Äôt even think I was rude to him. Maybe a bit distant but at the very least neutral. We were in the back weren‚Äôt even any customers to here us.


Not looking for advice or anything, just the validation of internet strangers going ‚Äòwhat the fuck‚Äô


Because honestly‚Ä¶what the fuck?!?",2023-02-11 20:07:30
1,Credits to ChatGPT," 

Verse 1: The exploitation of employees, it's such a shame Bosses cutting corners just to boost their own gain Paying minimum wage, no benefits or respect Employees are expendable, just a line item to neglect

Chorus: Exploitation of employees, it's a corporate game Profit margins over people, it's a real damn shame We gotta fight for workers' rights, it's time to stand up tall Together we can make a change, and demand fair treatment for all

Verse 2: It's not just low wages, it's the unpaid overtime Expecting workers to go above and beyond, it's a crime Working long hours, without breaks or rest Ignoring basic needs, it's a management test

Chorus: Exploitation of employees, it's a corporate game Profit margins over people, it's a real damn shame We gotta fight for workers' rights, it's time to stand up tall Together we can make a change, and demand fair treatment for all

Verse 3: It's time to call out the exploitation and the greed No more turning a blind eye, it's time to take the lead Let's demand a living wage, safe working conditions too Because the exploitation of employees, it's not something new

Chorus: Exploitation of employees, it's a corporate game Profit margins over people, it's a real damn shame We gotta fight for workers' rights, it's time to stand up tall Together we can make a change, and demand fair treatment for all.",2023-02-11 21:35:56
2,Is this a micromanager,"Me: takes lunch and goes to a 30 minute meeting then checks email and attends to bosses needs. 

Boss: why wasn‚Äôt this handled earlier

Me: the email came through while I was on lunch and then I went straight to the meeting checked emails and handled accordingly.

Boss: you should have went to your meeting later, this was more important.

Me: you could have called or handled it. (It took like 2 mins to do if that) 

Boss: I asked you to do it.

Boss: created a fake scenario in which the worse case scenario happens if I don‚Äôt handle. 

Me: still going back and forth. 

I dealt with this for a year with glimmers of kindness here and there. Was I micromanaged? After being let go, I‚Äôm trying to heal and take accountability but also trying to see if this is normal?",2023-02-11 16:34:04
3,Why must the retirement age be raised? It's the stock market,"Pensions can take many forms: 401k, social security, thrift savings plan etc.

But they all come down to one thing, your pension is, to some degree, invested in stocks. It may be anywhere from a small portion to the entire pension but you get the idea.

As the stock market grows, it requires more and more investors in order to keep it a float. That means that you can't allow people to retire on time, because they would withdraw their savings too quickly.

So the retirement age has to be raised again and again, to prevent stock prices going into free fall.

This has wider consequences for other policy decisions. 

Look at all the state/federal redundancies we've seen in recent years:

* Police
* Firemen
* Military
* Teachers

What do they all have in common? They generally retire at 50 - 55 years old. That's too early! If all those people started selling their stocks, the market would collapse. So the government tries to layoff as many of those people as they can, and tells everyone that it's due to 'efficiency savings'.

You/we will work longer to prop up stocks, that's what they have planned.",2023-02-11 08:55:59
4,Former employer is threatening to sick attorney on me based off a reddit comment I made,"So my local community reddit page asked for preschool suggestions. I offered only this bit of wisdom:

""Wouldn‚Äôt recommend La Petite Playschool. Owner told me she‚Äôd remove any negative reviews online. Also leaves 1 adult with 6 two years old and 1 seven month old.

Source: I worked there""

Since I made that comment the owner of the preschool has created a reddit, just to defend themselves  and I quote ""if I am able to find out whom wrote this, they will be contacted via my attorney.""

&#x200B;

[Screenshot of comment (last bit of it)](https://preview.redd.it/kxi9sg4qfgha1.png?width=810&format=png&auto=webp&v=enabled&s=a5859778f47c5ffbb84c85d0ffd5d27f43d62ec3)

This whole I work 50-60 hours is debatable to me. In my time there, she only came out of her upstairs residence when parents were around. As soon as they left she was back upstairs. Charges about $1000 per month for 5 days a week, her most recent post on indeed offers $14-$17 an hour. Glad she can afford all the litigation she is trying to start on Reddit.

About the comment that started this all, I am only saying what I experienced while I was there and what I was told (I don't know how one goes about removing internet content)

‚Äî‚Äî-‚Äî‚Äî‚Äî‚Äî‚Äî‚Äî‚Äî‚Äî‚Äî‚Äî‚Äî‚Äî‚Äî‚Äî‚Äî‚Äî‚Äî‚Äî‚Äî‚Äî‚Äî

Edit: Update: so that response has since been deleted and TWO new accounts only hours old one created at 1:00am and 2:00am. Have responded to my original post (in my local community page) singing praises to the business and essentially calling me a liar. As I said below. I am living rent free in this person‚Äôs head

Edit again:

I can‚Äôt believe how many x-hours old accounts are sending messages. Lisa chill the fuck out. It‚Äôs okay you were a shitty employer in the past but it‚Äôs a brave new world, you can change!!

Please be nice to my local community members. But below is a link to the post that started this all, if you felt like voicing your opinion. Or saving me from the countless fake accounts harassing me.

[https://www.reddit.com/r/corvallis/comments/10y5jgt/preschools\_in\_corvallis/?utm\_source=share&utm\_medium=ios\_app&utm\_name=iossmf](https://www.reddit.com/r/corvallis/comments/10y5jgt/preschools_in_corvallis/?utm_source=share&utm_medium=ios_app&utm_name=iossmf)

Also no joke, WHO THE FUCK HAS THIS MUCH FREE TIME TO CREATE NEW ACCOUNTS JUST TO FUCK WITH A FORMER EMPLOYEE??  I just got two new ones, she has as much time as a CEO.

Edit again!

Yes, another edit, you guys should be pleased to hear that my former employer has infiltrated this reddit post. Here is one of the accounts that posted here and then bailed. Keep in mind I've gotten at least 6 new accounts messaging me about this shit.

https://preview.redd.it/kn6vcjvmrnha1.png?width=904&format=png&auto=webp&v=enabled&s=5276c518eb003af205790cc7c0b2bcad7818f1f5

And wouldn't you believe it ANOTHER FUCKING POST, from someone who is conveniently new to Reddit today

&#x200B;

[Can't make this shit up](https://preview.redd.it/qrez8y4jtnha1.png?width=1143&format=png&auto=webp&v=enabled&s=e8723b677385e0e855492386877e0f9be48d8581)",2023-02-10 19:34:15
5,Retaliation against workers post-strike by UC,"Hey y'all 

&#x200B;

Hope everybody's been doin alright. 

You might remember some of the posts from this acc a few months back sharing some of the pictures from strike events at UCSD, part of the broader UC student worker strike. [Fairucnow.org](https://Fairucnow.org)

Posting today to notify and warn others about retaliatory behavior which is conducted during strike and even post-strike.

In this case, students are being pressured out of the school after years of PhD work, via 'unsatisfactory' grades on their research credits.

To be clear, we still have responsibility to pass our own classes during strike to remain in 'good academic standing'; however, the credits in question are essentially filler credits which are tied to their labor for the university as researchers.

This boils down to retaliation against striking workers, and a threat to future labor activists that UC is willing to blatantly break labor law to punish them for striking

As we move forward, a huge part of protecting each other post-strike is fighting these types of abuses and filing grievances as UC fails to follow the negotiated and ratified contracts

The fight rages on against abuses like these

Check out more info from [https://www.kpbs.org/news/local/2023/02/06/uc-san-diego-graduate-workers-file-complaints-of-retaliation](https://www.kpbs.org/news/local/2023/02/06/uc-san-diego-graduate-workers-file-complaints-of-retaliation)

There's also some other stories around the media, take care to critically examine the framing of the media story regarding labor activity before accepting their narrative

&#x200B;

Solidarity Forever",2023-02-10 13:16:18
6,I regret taking a sick day.,"Good morning, everyone

I have been battling with a cold all week. I‚Äôm feeling better now though! Yesterday, I called out because I couldn‚Äôt breathe through my nose. I barely got sleep because of it. I feel good to go back to work now. My manager called and asked if I could cover someone‚Äôs shift this evening. From what I‚Äôve gathered, no one covered for me. From my previous posts on here, I also don‚Äôt cover shifts. They passed it off as, ‚ÄúYou can get more rest that way!‚Äù Yeah, no. It‚Äôs a closing shift. I have assignments to catch up on too. Also, I‚Äôll get more rest if I work my midday shift.",2023-02-10 11:09:57
7,Micromanagement?,"I'm making this post a sort of a Aita style and could use some insight.

Groundwork: I work for a tmc or travel management company, that handles corporate clients. It's a travel arm of a bigger financial corporation. I'm on a team that handles one specific company and nothing else. The client company is also a financial based company that I do have the question of impropriety but that's another matter all together

Main issue: As an hourly worker I make theost I've ever made previously at 24 an hour, no I know from the jump there are thousands of people who don't make nearly as much, but that amount of money comes with a lot of hassle. I work from home using their computer. I have health insurance and a 401 k which is meh but i digress.  

They have a system in place that is a tracking software of when your in available status and when your not giving you alerts to when to take your break or if your exactly on time,/late and if you're over on any metric tells you that an email is being sent to your leader like some sort of threatening posture. This pop up on your screen also asks if your on hold with a vendor after 2 minutes and tells you if you aren't go back to the client and if you are on hold for an airline to use their website. 

The PTO process is a nightmare they have an allotment calendar show how many hours workforce has for people to take PTO, to which they swear by but don't tell you that if they fall below a 80 percentage service level threshold, that calendar doesn't matter so your request will stay pending, even for doctors appointments there's no way to see what that level is. I have a lot of health issues and may need frequent appointments in a month like right now I need some teeth pulled but I can't planned it out because of being told about the service level.

In essence I'm stuck in two schools of thought, one is hey your making a decent amount and your the breadwinner of your home suck it up, the other half is like I shouldn't die for this job that via management and training doesn't give a shit about me as a human. Oh I forgot to mention with all of the bookings and and changes I do of itineraries which is in a dos based system designed by American airlines in the late 80s, I make zero commission. Thoughts?",2023-02-10 11:09:35
8,Why don't Americans move out?,"Ok guys thats enough, thanks for your responses. The reason why I was so centric on moving instead of promoting change with in the US is because I do believe change isn't coming for the US specifically, only option is to figure out somesort of way to move out. I would lock this post but I can't. 



Original post:
Ive seen the absurd prices, the crazy medical care and fees, the low low wages, some are forced to rely on tips, even crazier rent, the amount of unhealthy additives thrown into the average product etc. 

I'm in England, I could go on and on but for what reason do you guys not move out? Is it for family, for debt or your passport doesn't allow you? 

Thanks.

Edit: Alot of comments repeating, please read some of my replies. Question is aimed at those who can move but choose not to, sorry I wasn't clear. There's so many angles to this topic, I cant possibly account for them all, my bad still.

1. I'm not trying to make it sound easy
2. Yes it's tough but more viable to some and not viable for others
3. Yes expensive I know but worth it in the long run. 
4. England is not that much better but just giving context. Still better then America in every way, free healthcare, benefits, way less gun crime, free cost of living payments for those who need it etc. Yes this could change, and we are going on strike and things are uncertain but is it not still better then America, there are still other countries as well.
5. Yes, I know immigration is way more strict/ you need a set of skills but I truly believe there is still always a way unless money or family and friends are an issue for you.
6. America will never change, it is too too divided. Yes there are unions and strikes but still too small of a percentage.

My question was aimed at those who are able to move but haven't but I didn't put that in because I wanted to leave it a bit open but I didn't realize it may have come across as being privileged or something of the sort.",2023-02-09 04:45:30
9,Blatant sexism in the entire ellive event industry in utah,"So my girl and I work in the corporate live events industry in Utah and there's like 3 big companies that actually produce those big 10s of thousands of people events

Then they pay a mix of labor companies and individuals on 1099 contractor basis which is another giant pain in the ass that's definitely seudo illegal but not the current issue

So labor coordinator from labor company X (call her Brittany calls me and we're friendly enough that she unloads some information about why me and my girlfriend haven't been getting as much work lately. 

Apparently she's been friends with the labor coordinator from the main big company (Karen) for a decade or more and they talk still but apparently Karen HATES MY GUTS for unknown reasons (I've had very few interactions with her and I've never fucked up an event or given her reason to feel that way) and won't let my GF on any gigs because her new boyfriend (Steve) either expressed interest in my GF or possibly she just thought my GF was prettier than her Brittany couldn't decide what the deal was but dropped that bomb on my lap and just moved on to other random topics.

For context the winter time always sucks for our industry there's no work there's no unemployment benefits there's no savings we really fucking struggled and her struggles began in like October inexplicably and it's now middle of February before she gets another gig.

On top of all that she's an attractive human that's spent the better part of 5 years learning how to be excellent at this job that she loves all while getting sexually harassed by every gross meth head looking burnout 50 year old on the crews and or running them and never once been treated like a valid technician and given the same respect her male peers enjoy. Including constantly getting looked over for higher level positions she's over qualified for.

So I had to tell my GF what was going on despite feeling horrible about it and wishing I could shield her from that wound, we started discussing how illegal that shit is and how we would ever begin to bring this to a judge and realized if it's not the company employing us but their client doing the sexism we're basically fucked right? And she can't go after every one of the disgusting pricks on the crew doing the same shit either",2023-02-08 23:44:26
10,( help us),"Well, for a start, if there‚Äôs anything good about this institution is that you learn how not to work cooperatively. They sell themselves as a place who values their teachers and crew members, always talking about team work, how we should communicate, etc. 
As we learn through life, most of these things are bullshit, they couldn‚Äôt care less about how you feel. It‚Äôs easy for me to sit down and talk about the things me and my co-workers went through there, that‚Äôs why I decided to highlight some of the things that have happened to us.

1- They don‚Äôt sign contracts with teacher assistants, they are forced to work crazy hours. Also they don‚Äôt have a steady schedule, sometimes they need to paint the walls, clean toys or just arrange the books in the library, even though it has nothing to do with their position.

2- teachers are forced to accept being hit and yelled by students and never do anything about it. 

3- we had a flood last year and people who missed work got an email talking about responsibilities around the school. Even though the whole city was under water ( basically)

4- the teachers cannot have fun in the malls or restaurants nearby, the owners don‚Äôt enjoy meeting the crew around ( even though it‚Äôs thei free time ü•¥)

5- they force the kitchen staff to cook food for the students AND for their house, their own personal HOME Even on weekends

6- teachers cannot use the bathroom during classes.

7- if you‚Äôre sick you should still try to go to work because ‚Äúthe team needs you‚Äù

Among other things that makes this one of the worst places I‚Äôve worked at. There‚Äôs no much I can do, but I learned they‚Äôre struggling getting new students, so we are trying to get our little revenge on them by taking their account down.
If anyone could take a minute or two to go on Instagram and reporting their account I‚Äôd be thankful.
Sunny_place_school at Instagram.",2023-02-08 16:21:39
11,Bullshit on your resume but learn the skill...,"I'll go straight to the point. This has been a proven working method for me. First I combine all of the job duties I ever had in my life for every job I held, align them and pick the 2 most relevant experiences to a specific job. Second thing is I then learn about a skill or do a quick udemy/coursera course about that specific job.(The courses are hacked courses I always get for free). Third thing is I boost the experience level by years and reword the ""Job position"". By doing these 3 things on my resume, I landed better paying jobs everytime. Then during the interview I try to ""educate"" the interviewer to show my grasp of the subject and how I would be the best fit for this role. Works everytime. Below is my greatest example of what I mean for the resume part:


Before:

- Title: Insurance Sales agent

- Experience: 3 months

- Duties: Insurance sales and promotion

- Salary associated: 100%



After:

- Title: Senior Insurance Executive

- Experience: 4 years(I always put 4 years for one or two experiences because it shows that you work for years and don't change jobs frequently)

- Duties: Tons of bullshits like, Generate leads, close sales, analyse risks

- Salary associated: 160%

- Skills I learned: Everything about insurance terms, concepts. Risk management, some finance courses and learned advance database usage like Excel(with formulas and shit) and others. Perfected my mail and phone etiquettes. And other skills linked to that role. 

- Status?: Landed the job but quit due to toxic work culture.",2023-02-08 15:05:47
12,now we're being told to LIE during the interview process,"https://www.dailydot.com/irl/5-things-you-should-lie-about-job-interview/?amp=#amp_tf=From%20%251%24s&aoh=16758777173145&csi=0&referrer=https%3A%2F%2Fwww.google.com

Just came across this article (link provided above) that says we should lie about specific things during the interview for a prospective job.  Kinda tired of this. Why should I have to lie about a shitty manager or shitty co-workers if they made my job difficult? Why should I have to lie about what I do outside of work hours? All these businesses are complaining about people not wanting to work, then they want to go and be picky about shit that doesn't matter. It's none of your damn business what I do AFTER work, nor should that determine whether or not I have a job.",2023-02-08 13:51:49
